hour,da_price_eur,afrr_price_eur,solar_mw,charge_mw,discharge_mw,afrr_mw,soc_mwh
0,52.483570765056164,26.777243706586127,0.0,0.0,2.0,0.0,3.0
1,55.77915462170709,24.86675784847254,0.0,0.0,0.0,2.0,3.0
2,65.73844269050346,25.750837785979826,0.0,0.0,0.0,2.0,3.0
3,75.29281881170381,23.168426620554254,0.0,0.0,0.0,2.0,3.0
4,70.47986822099428,21.19515477895584,0.0,0.0,0.0,2.0,3.0
5,72.9774608724808,21.917208972580166,0.0,0.0,0.0,2.0,3.0
6,82.89606407753696,19.896896099223678,0.0,0.0,2.0,0.0,0.89473684
7,77.98531930299126,17.354639683529218,0.7764571353075622,0.0,0.375,1.625,0.5
8,69.30326316493621,13.913841307520114,1.4999999999999998,0.0,0.0,2.0,0.5
9,70.39046974759351,11.63616209252677,2.1213203435596424,0.0,0.0,2.0,0.5
10,60.18291153593769,12.12449584926096,2.598076211353316,0.0,0.0,2.0,0.5
11,54.14182735971174,10.593050870906257,2.897777478867205,0.0,0.0,2.0,0.5
12,51.20981135783017,9.366114704534336,3.0,0.0,0.0,2.0,0.5
13,33.96312264914799,10.758124120021265,2.897777478867205,0.0,0.0,2.0,0.5
14,28.875410837434842,10.174962333070145,2.598076211353316,2.0,0.0,0.0,2.4
15,29.51089282413146,14.071106956743963,2.121320343559643,0.43213296,0.0,1.567867,2.8105263
16,23.285209303716922,13.776339944800046,1.4999999999999998,2.0,0.0,0.0,4.7105263
17,72.42309100574965,16.91701449224178,0.7764571353075631,0.0,2.0,0.0,2.6052632
18,65.45987962239394,17.93513322826823,3.6739403974420594e-16,0.0,0.0,2.0,2.6052632
19,63.79033583609683,20.630756424353596,0.0,0.0,0.0,2.0,2.6052632
20,80.6776087499968,22.64013083802984,0.0,0.0,2.0,0.0,0.5
21,31.193448967903635,23.21141761606896,0.0,0.0,0.0,2.0,0.5
22,37.8376410234396,26.836957113569184,0.0,0.0,0.0,2.0,0.5
23,36.40578294136968,27.05280508039589,0.0,0.0,0.0,2.0,0.5
